Electric Go-Kart - Top-Level Assembly,,,,,,,,,,,,,,,,,,,,,,,,,,
,,,,,,,,,,,,,,,,,,,,,,,,,,
,Assembly Name :,Electric Go-Kart - Top-Level Assembly,,,,[42],,,,,,,,,,,,,,,,,,,,
,Assembly Number :,ASY-VEH-001,,,,,,,,,,,,,,,,,,,,,,,,
,Assembly Revision :,v0.1,,,,,,,,,,,,,,,,,,,,,,,,
,Approval Date :,,,,,,,,,,,,,,,,,,,,,,,,,
,Part Count :,22,,,,,,,,,,,,,,,,,,,,,,,,
,Total Cost :,"$1,323.23",,,,,,,,,,,,,,,,,,,,,,,,
,,,,,,,,,,,,,,,,,,,,,,,,,,
,,,,,,,,,,,,,,,,,,,,,,,,,,
Item #,Subsystem,Part #,Part Name,Description,Qty,Revision,Supplier,Unit Cost,Status,Cost,,,,,,,,,,,,,,,,
1,Powertrain,QS120-V3-60H,QS120 V3 Motor,2K Electric motor,1,1,Hangar116, $449.95 ,Received, $449.95 ,,,,,,,,,,,,,,,,
2,Electrical,MTS-102,Toggle Switch,On/On switch,1,1,Aliexpress, $0.40 ,Received, $0.40 ,,,,,,,,,,,,,,,,
3,Electrical,1N4007,Rectifier diode,,2,1,Aliexpress, $0.03 ,Received, $0.06 ,,,,,,,,,,,,,,,,
4,Electrical,N/A,Metalic push button switch with LED,"RED, self-locking, 16mm",1,1,Aliexpress, $3.20 ,Received, $3.20 ,,,,,,,,,,,,,,,,
5,Electrical,N/A,Resistor,100W-100R,1,1,Aliexpress, $4.10 ,Received, $4.10 ,,,,,,,,,,,,,,,,
6,Electrical,QS8,QS8 plug,QS8 antispark male and female plug,2,1,Aliexpress, $15.00 ,Received, $30.00 ,,,,,,,,,,,,,,,,
7,Electrical,XB2-ES542,Estop,Emergency stop button with NO and NC,1,1,Aliexpress, $9.56 ,To receive, $9.56 ,,,,,,,,,,,,,,,,
8,Electrical,KW11-3Z-2,Limit switch,55mm lever,1,1,Aliexpress, $0.60 ,Received, $0.60 ,,,,,,,,,,,,,,,,
9,Electrical,CP1019087-01,AHL contactor,48V,1,1,Amazon, $41.20 ,Received, $41.20 ,,,,,,,,,,,,,,,,
10,Electrical,JD-2912,Car motor relay,,1,1,Amazon, $6.10 ,To order, $6.10 ,,,,,,,,,,,,,,,,
11,Electrical,N/A,ANL Fuse,120A,1,1,Aliexpress, $2.55 ,Received, $2.55 ,,,,,,,,,,,,,,,,
12,Electrical,481426,Throttle cable sensor,Hall effect sensor,1,1,Aliexpress, $14.28 ,Received, $14.28 ,,,,,,,,,,,,,,,,
13,Electrical,N/A,"CAN Transceiver
Module","Industrial Grade 2500V
Isolated",1,1,Aliexpress, $36.60 ,Received, $36.60 ,,,,,,,,,,,,,,,,
14,Drivetrain,Flipsky 75100 PRO,VESC,,1,1,Aliexpress, $128.99 ,Received, $128.99 ,,,,,,,,,,,,,,,,
15,Electrical,ICM-20948,MEMS motion sensor,CJMCU-20948 Integrated Circuits,1,1,Aliexpress, $16.14 ,Received, $16.14 ,,,,,,,,,,,,,,,,
16,Electrical,IRL540N,Mosfet,100V 36A ,2,1,Aliexpress, $0.40 ,Received, $0.80 ,,,,,,,,,,,,,,,,
17,Electrical,NUCLEO-G431RB,Stm32 G4 board,,1,1,Digikey, $28.70 ,Received, $28.70 ,,,,,,,,,,,,,,,,
18,Frame,N/A,Go kart frame,,1,1,Facebook marketplace, $350.00 ,Received, $350.00 ,,,,,,,,,,,,,,,,
19,Electrical,N/A,Battery,LifePO4 16S 30Ah,1,1,Facebook marketplace, $200.00 ,Received, $200.00 ,,,,,,,,,,,,,,,,
,,Total,,,22,,,,," $1,323.23 ",,,,,,,,,,,,,,,,
,,,,,,,,,,,,,,,,,,,,,,,,,,
,,,,,,,,,,,,,,,,,,,,,,,,,,
,,,,,,,,,,,,,,,,,,,,,,,,,,
,,,,,,,,,,,,,,,,,,,,,,,,,,
,,,,,,,,,,,,,,,,,,,,,,,,,,
